{"cameraMode":{"drawMode":0,"name":"Shaded","section":"Shading Mode"},"sceneLighting":false,"audioPlay":false,"sceneViewState":{"m_AlwaysRefresh":false,"showFog":true,"showSkybox":false,"showFlares":true,"showImageEffects":true,"showParticleSystems":true,"showVisualEffectGraphs":true,"m_FxEnabled":true},"in2DMode":false,"pivot":{"x":-0.000005189594048715662,"y":-2.9193613529205324,"z":-0.010216811671853066},"rotation":{"x":0.03974401205778122,"y":0.4054563641548157,"z":-0.017648473381996156,"w":0.9130792617797852},"size":1.1277903318405152,"orthographic":true}